"ReviewID","UserID","BookID","Rating","Comment","Date"
"a","d","2",1,"Terrible.","2024-01-19"
"b","e","3",5,"A must-read!","2024-01-20"
"c","f","4",4,"Really good.","2024-01-21"
"d","g","5",3,"It was fine.","2024-01-22"
"e","h","6",2,"Could be better.","2024-01-23"
"f","i","7",1,"Not worth my time.","2024-01-24"
"g","j","8",5,"Loved every bit of it.","2024-01-25"
"h","k","9",4,"Quite good.","2024-01-26"
"i","l","@",3,"Average book.","2024-01-27"
"j","m","^",2,"Did not enjoy it.","2024-01-28"
"k","n","_",1,"Really bad.","2024-01-29"
"r","u","!",5,"Great book!","2024-01-10"
"s","v","#",4,"Very interesting read.","2024-01-11"
"t","w","$",3,"It was okay.","2024-01-12"
"u","x","%",2,"Not what I expected.","2024-01-13"
"v","y","(",1,"Did not like it at all.","2024-01-14"
"w","z",")",5,"Absolutely loved it!","2024-01-15"
"x","a","*",4,"Great, but could be better.","2024-01-16"
"y","b","0",3,"Just average.","2024-01-17"
"z","c","1",2,"Not my type.","2024-01-18"
